{"Random Forest": 0.7704918032786885, "SVC": 0.819672131147541, "Logistic Regression": 0.819672131147541}